Product Name,Store Location,Product Price,Total Sold,Product Rating
OPPO A98 5G 8/256 GB Garansi Resmi + Full Bonus,Jakarta Pusat,Rp4.299.000,20 terjual,5.0
Vivo Y16 4/64 GB Garansi Resmi,Cirebon,Rp1.189.000,24 terjual,5.0
Vivo Y27 5G 6/128GB NFC Dimensity 6020 50MP Kamera Garansi Resmi,Jakarta Utara,Rp2.299.000,22 terjual,5.0
VIVO Y17S RAM 6/128 GB GARANSI RESMI VIVO INDONESIA  - GLITTER PURPLE,Tangerang,Rp1.679.160,14 terjual,5.0
OPPO A18 8/128GB ( 4GB + 4GB EXTENDED RAM ) GARANSI RESMI OPPO,Bekasi,Rp1.799.000,1 terjual,5.0
Oppo A98 5G 8/256GB NFC 64MP AI Camera 67W Supervooc Garansi Resmi - A98 5G Blue,Jakarta Utara,Rp4.299.000,27 terjual,5.0
OPPO A54 Smartphone 4GB/64GB - 4GB/128GB - 6GB/128GB (Garansi Resmi),Sukabumi,Rp3.099.000,100+ terjual,5.0
Drum catridge hp laserjet 824A black original,Jakarta Selatan,Rp1.650.000,100+ terjual,4.9
Vivo Y17S 4gb/128gb 6gb/128gb - 4GB/64GB,Medan,Rp1.345.000,20 terjual,4.9
REALME 11 8/256 REALME11 4G NFC 8/256 GARANSI RESMI INDONESIA,Bekasi,Rp3.299.000,1 terjual,5.0
"Oppo A18 (RAM 4, ROM 128, Refresh Rate 90Hz)",Malang,Rp1.499.000,4 terjual,5.0
Realme C67 8/128 8/256 GB NFC RAM 8 ROM 128 256 8GB 128GB 256GB 512GB,Jakarta Pusat,Rp2.411.000,9 terjual,5.0
Vivo Y27s NFC 8/256 GB 8/128 GB Garansi Resmi Y17 s Not Y22 Y27 Y36,Jakarta Pusat,Rp1.993.000,100+ terjual,4.9
Vivo Y02t 4/64GB Garansi Resmi,Jakarta Pusat,Rp1.128.000,250+ terjual,5.0
"Oppo A18 (RAM 4, ROM 128, Refresh Rate 90Hz)",Malang,Rp1.499.000,4 terjual,5.0
Realme C67 8/128 8/256 GB NFC RAM 8 ROM 128 256 8GB 128GB 256GB 512GB,Jakarta Pusat,Rp2.411.000,9 terjual,5.0
OPPO A58 6/128 8/128 GB RAM 6GB 8GB ROM 128GB Original Resmi,Jakarta Utara,Rp2.097.000,3 terjual,5.0
OPPO A18 8/128GB ( 4GB + 4GB EXTENDED RAM ) GARANSI RESMI,Bekasi,Rp1.799.000,4 terjual,5.0
Realme C67 8/128 8/256 GB RAM 8GB 128GB 256GB 512GB Garansi Resmi,Jakarta Utara,Rp2.392.000,70+ terjual,5.0
Vivo V29E 5G NFC 44W FastCharge Snapdragon 695 Prosesor Garansi Resmi,Jakarta Utara,Rp3.699.000,28 terjual,5.0
OPPO A18 8/128GB ( 4GB + 4GB EXTENDED RAM ) GARANSI RESMI OPPO,Bekasi,Rp1.799.000,1 terjual,5.0
Oppo A98 5G 8/256GB NFC 64MP AI Camera 67W Supervooc Garansi Resmi - A98 5G Blue,Jakarta Utara,Rp4.299.000,27 terjual,5.0
OPPO A54 Smartphone 4GB/64GB - 4GB/128GB - 6GB/128GB (Garansi Resmi),Sukabumi,Rp3.099.000,11 terjual,5.0
Drum catridge hp laserjet 824A black original,Jakarta Selatan,Rp1.650.000,21 terjual,5.0
REALME C67 4G NFC 8/256 REALME C 67 4G 8/128 GARANSI RESMI INDONESIA,Bekasi,Rp2.599.000,18 terjual,4.9
Realme C51 4/128GB NFC [+4GB Extended RAM] Garansi Resmi Realme,Kab. Tangerang,Rp1.288.000,30+ terjual,5.0
Vivo Y16 4/32 Garansi Resmi,Kab. Bekasi,Rp1.179.000,7 terjual,5.0
Oppo A57 6-128GB/4-64GB/4-128GB,Jakarta Barat,Rp1.933.182,40+ terjual,5.0
REDMI 10 4/64GB 2022 EX DISPLAY / EX DEMO HP ONLY,Jakarta Utara,Rp1.099.000,1 terjual,5.0
"OPPO A18 4GB/128GB
Garansi Resmi (SEGEL) - Biru",Jakarta Selatan,Rp1.499.000,21 terjual,5.0
"Oppo A18 (RAM 4, ROM 128, Refresh Rate 90Hz)",Malang,Rp1.499.000,4 terjual,5.0
Realme C67 8/128 8/256 GB NFC RAM 8 ROM 128 256 8GB 128GB 256GB 512GB,Jakarta Pusat,Rp2.411.000,9 terjual,5.0
OPPO A58 6/128 8/128 GB RAM 6GB 8GB ROM 128GB Original Resmi,Jakarta Utara,Rp2.097.000,3 terjual,5.0
OPPO A18 8/128GB ( 4GB + 4GB EXTENDED RAM ) GARANSI RESMI,Bekasi,Rp1.799.000,4 terjual,5.0
Drum catridge hp laserjet 828A colour original,Jakarta Selatan,Rp3.450.000,4 terjual,5.0
HP Toner 16A Black hp,Jakarta Selatan,Rp2.810.100,30+ terjual,4.7
OPPO A18 8/128GB ( 4GB + 4GB EXTENDED RAM ) GARANSI RESMI OPPO,Bekasi,Rp1.799.000,1 terjual,5.0
Oppo A98 5G 8/256GB NFC 64MP AI Camera 67W Supervooc Garansi Resmi - A98 5G Blue,Jakarta Utara,Rp4.299.000,27 terjual,5.0
OPPO A58 6/128 8/128 RAM 6GB 8GB ROM 128GB 6 8 128 GB,Jakarta Utara,Rp2.165.000,2 terjual,5.0
OPPO A17 8/64GB ( 4GB + 4GB EXTENSION RAM ) GARANSI RESMI,Bekasi,Rp2.099.000,9 terjual,5.0
Vivo Y27s NFC 8/256 GB 8/128 GB Garansi Resmi Y17 s Not Y22 Y27 Y36,Jakarta Pusat,Rp1.993.000,100+ terjual,4.9
Vivo Y02t 4/64GB Garansi Resmi,Jakarta Pusat,Rp1.128.000,250+ terjual,5.0
OPPO A98 5G 8/256 GB Garansi Resmi + Full Bonus,Jakarta Pusat,Rp4.299.000,20 terjual,5.0
Vivo Y16 4/64 GB Garansi Resmi,Cirebon,Rp1.189.000,24 terjual,5.0
"REALME C67 NFC RAM 6GB /256GB & RAM 8GB /128GB GARANSI RESMI  - Hitam, RAM 8GB /128GB",Tangerang,Rp2.450.000,1 terjual,2.0
"REALME C67 NFC 4G RAM 8GB /256GB / RAM 8GB /128GB GARANSI RESMI - Hitam, RAM 8GB /128GB",Tangerang,Rp2.599.000,1 terjual,5.0
Vivo Y17S 4/64GB [+4GB Extended RAM] Garansi Resmi Indonesia 1 Tahun,Mojokerto,Rp1.242.000,70+ terjual,5.0
vivo y35 8/128gb fullset ori mulus,Kab. Demak,Rp1.900.000,50+ terjual,4.8
OPPO A18 8/128GB ( 4GB + 4GB EXTENDED RAM ) GARANSI RESMI,Bekasi,Rp1.799.000,4 terjual,5.0
OPPO A58 6/128 8/128 GB RAM 6GB 8GB ROM 128GB Original Resmi,Jakarta Utara,Rp2.097.000,3 terjual,5.0
Vivo Y17s 6/128 + Y17s 4/64 + Y16 4/128. garansi resmi harga murah,Pekanbaru,Rp1.395.000,1 terjual,5.0
Vivo Y27 5G 6/128GB NFC Dimensity 6020 50MP Kamera Garansi Resmi,Jakarta Utara,Rp2.299.000,22 terjual,5.0
REDMI 12 C 4/64GB EX DISPLAY / EX DEMO HP ONLY,Jakarta Utara,Rp1.099.000,1 terjual,5.0
OPPO A54 Smartphone 4GB/64GB - 4GB/128GB - 6GB/128GB (Garansi Resmi),Sukabumi,Rp3.099.000,1 terjual,5.0
OPPO A54 Smartphone 4GB/64GB - 4GB/128GB - 6GB/128GB (Garansi Resmi),Sukabumi,Rp3.099.000,5 terjual,5.0
Drum catridge hp laserjet 824A black original,Jakarta Selatan,Rp1.650.000,7 terjual,5.0
OPPO RENO 8 8/256/HP OPPO SECOND MURAH,Kab. Sleman,Rp2.950.000,29 terjual,4.9
ViVO Y27s 8/256GB NFC 8GB+8GB Ram 44W FlashCharge 5OMP Garansi Resmi,Jakarta Utara,Rp2.064.000,50+ terjual,5.0
vivo v25e 8/256gb no minus mulus garansi resmi,Tangerang Selatan,Rp2.450.000,1 terjual,5.0
oppo a78 4g 8/256 gb garansi resmi,Bandung,Rp2.497.000,1 terjual,5.0
Vivo Y36 5G 8/256GB NFC 44W Flashcharge Dimensity 6020 Garansi Resmi,Jakarta Utara,Rp2.918.000,60+ terjual,5.0
ViVO V29e 5G 12/256GB 8/256GB NFC 100% Original  Garansi Resmi Terbaru,Jakarta Utara,Rp3.749.000,5 terjual,5.0
HP Toner 16A Black,Jakarta Selatan,Rp2.958.000,100+ terjual,4.9
Toner Catridge HP laserJet W9030MC Balack Original,Jakarta Selatan,Rp2.850.000,30+ terjual,4.7
Vivo Y17S 4/64GB [+4GB Extended RAM] Garansi Resmi Indonesia 1 Tahun,Mojokerto,Rp1.242.000,70+ terjual,5.0
vivo y35 8/128gb fullset ori mulus,Kab. Demak,Rp1.900.000,50+ terjual,4.8
Vivo Y17s 6/128 + Y17s 4/64 + Y16 4/128. garansi resmi harga murah,Pekanbaru,Rp1.395.000,1 terjual,5.0
Vivo Y27 5G 6/128GB NFC Dimensity 6020 50MP Kamera Garansi Resmi,Jakarta Utara,Rp2.299.000,22 terjual,5.0
REDMI NOTE 10 5G 4/128GB EX DISPLAY / EX DEMO HP ONLY,Jakarta Utara,Rp1.699.000,40+ terjual,2.0
New Vivo Y91 RAM 2/16GB Garansi Resmi - Starry Black - Starry Black,Jakarta Timur,Rp1.450.000,1 terjual,4.9
OPPO Reno8 5G 8GB/256GB Reno 8 4500mAh Flagship Sensor Garansi Resmi,Jakarta Pusat,Rp3.327.000,100+ terjual,4.9
HP VIVO Y72 RAM 12 ROM 256GB 5G Smartphone GARANSI 1TAHUN,Jakarta Barat,Rp1.300.000,7 terjual,5.0
VIVO Y36 5G | NFC | RAM 8/256 GB GARANSI RESMI VIVO INDONESIA,Tangerang,Rp2.889.000,8 terjual,4.8
Vivo V29 V29e V27e Baru 100% Original Garansi Resmi Segel Utuh,Jakarta Utara,Rp3.696.000,23 terjual,5.0
Vivo Y36 5G 8/256GB NFC 44W Flashcharge Dimensity 6020 Garansi Resmi,Jakarta Utara,Rp2.918.000,60+ terjual,5.0
ViVO V29e 5G 12/256GB 8/256GB NFC 100% Original  Garansi Resmi Terbaru,Jakarta Utara,Rp3.749.000,5 terjual,5.0
Drum catridge hp laserjet 824A black original,Jakarta Selatan,Rp1.650.000,40+ terjual,5.0
HP Toner 16A Black hp,Jakarta Selatan,Rp2.810.100,1 terjual,5.0
OPPO Reno8 5G 8GB/256GB Reno 8 4500mAh Flagship Sensor Garansi Resmi,Jakarta Pusat,Rp3.327.000,100+ terjual,4.9
HP VIVO Y72 RAM 12 ROM 256GB 5G Smartphone GARANSI 1TAHUN,Jakarta Barat,Rp1.300.000,7 terjual,5.0
OPPO A58 6/128 8/128 RAM 6GB 8GB ROM 128GB 6 8 128 GB,Jakarta Utara,Rp2.165.000,2 terjual,5.0
OPPO A17 8/64GB ( 4GB + 4GB EXTENSION RAM ) GARANSI RESMI,Bekasi,Rp2.099.000,9 terjual,5.0
Vivo Y27s NFC 8/256 GB 8/128 GB Garansi Resmi Y17 s Not Y22 Y27 Y36,Jakarta Pusat,Rp1.993.000,100+ terjual,4.9
REALME 11 PRO PLUS 5G 12/512 11 PROPLUS 5G 12/512 GARANSI RESMI,Bekasi,Rp4.999.000,30+ terjual,4.7
Vivo Y27S 8/128GB [+8GB Extended RAM] NFC Garansi Resmi Vivo 1 Tahun,Malang,Rp2.051.500,7 terjual,4.8
ViVO V29e 5G 12/256GB 8/256GB NFC 100% Original  Garansi Resmi Terbaru,Jakarta Utara,Rp3.749.000,5 terjual,5.0
vivo v25e 8/256gb no minus mulus garansi resmi,Tangerang Selatan,Rp2.450.000,1 terjual,5.0
oppo a78 4g 8/256 gb garansi resmi,Bandung,Rp2.497.000,1 terjual,5.0
Vivo Y27 6/128GB 6.64inci 44W FlashCharge 50MP Kamera Garansi Resmi,Jakarta Utara,Rp1.944.000,40+ terjual,5.0
Toner Catridge hp Laserjet W9190MC Black original,Jakarta Selatan,Rp1.550.000,27 terjual,5.0
Drum catridge hp laserjet 824A black original,Jakarta Selatan,Rp1.650.000,1rb+ terjual,5.0
HP Toner 49A Black hp,Jakarta Selatan,Rp1.472.000,2 terjual,5.0
HP VIVO V9 RAM 6GB ROM 64GB GARANSI VIVO - BLACK & GOLD - Hitam,Jakarta Timur,Rp3.849.000,3 terjual,5.0
REDMI 10 4/64GB 2022 EX DISPLAY / EX DEMO HP ONLY,Jakarta Utara,Rp1.099.000,30+ terjual,5.0
New Vivo Y91 RAM 2/16GB Garansi Resmi - Starry Black - Starry Black,Jakarta Timur,Rp1.450.000,40+ terjual,2.0
"REALME C67 NFC RAM 6GB /256GB & RAM 8GB /128GB GARANSI RESMI  - Hitam, RAM 8GB /128GB",Tangerang,Rp2.450.000,1 terjual,4.4
Vivo Y35 8/128 GB Garansi Resmi - Black,Jakarta Barat,Rp2.135.000,5 terjual,5.0
PAKETAN TONER HP 201A ORIGINAL,Jakarta Selatan,Rp3.000.000,1 terjual,5.0
Vivo Y36 5G 8/256GB NFC 44W Flashcharge Dimensity 6020 Garansi Resmi,Jakarta Utara,Rp2.918.000,60+ terjual,5.0
VIVO Y73S RAM 8GB ROM 256GB 5G SMARTPHONE GARANSI 1 TAHUN,Jakarta Barat,Rp1.250.000,80+ terjual,4.4
Vivo Y27S 8/128GB [+8GB Extended RAM] NFC Garansi Resmi Vivo 1 Tahun,Malang,Rp2.051.500,7 terjual,4.8
ViVO V29e 5G 12/256GB 8/256GB NFC 100% Original  Garansi Resmi Terbaru,Jakarta Utara,Rp3.749.000,5 terjual,5.0
Vivo Y27 6/128GB 6.64inci 44W FlashCharge 50MP Kamera Garansi Resmi,Jakarta Utara,Rp1.944.000,40+ terjual,5.0
Toner Catridge hp Laserjet W9190MC Black original,Jakarta Selatan,Rp1.550.000,27 terjual,5.0
REDMI NOTE 10 5G 4/128GB EX DISPLAY / EX DEMO HP ONLY,Jakarta Utara,Rp1.699.000,40+ terjual,2.0
New Vivo Y91 RAM 2/16GB Garansi Resmi - Starry Black - Starry Black,Jakarta Timur,Rp1.450.000,1 terjual,5.0
Realme C51 4/64GB 4/128GB - Garansi Resmi,Jakarta Barat,Rp1.440.400,5 terjual,3.7
"VIVO Y27s 8/128 8/256 GB RAM 8GB ROM 256GB 128GB - Black, 8/128GB",Jakarta Utara,Rp2.225.000,9 terjual,5.0
REDMI NOTE 11 NFC 6/128GB EX DISPLAY / EX DEMO HP ONLY,Jakarta Utara,Rp1.599.000,50+ terjual,4.8
HP VIVO Y71 RAM 3GB ROM 32GB GARANSI RESMI VIVO - BLACK & GOLD - Emas,Jakarta Timur,Rp1.899.000,40+ terjual,5.0
OPPO Reno8 5G 8GB/256GB Reno 8 4500mAh Flagship Sensor Garansi Resmi,Jakarta Pusat,Rp3.327.000,100+ terjual,4.9
HP VIVO Y72 RAM 12 ROM 256GB 5G Smartphone GARANSI 1TAHUN,Jakarta Barat,Rp1.300.000,7 terjual,5.0
Vivo Y35 8/128 GB Garansi Resmi - Black,Jakarta Barat,Rp2.135.000,5 terjual,5.0
PAKETAN TONER HP 201A ORIGINAL,Jakarta Selatan,Rp3.000.000,1 terjual,5.0
Vivo V29 V29e V27e Baru 100% Original Garansi Resmi Segel Utuh,Jakarta Utara,Rp3.696.000,23 terjual,5.0
Vivo Y27s 8/128 8/256 NFC 44W FlashCharge Snapdragon 680 Garansi Resmi,Jakarta Utara,Rp2.064.000,70+ terjual,5.0
Oppo Pad Air 4/64 Ram 4 Rom 64gb Garansi Resmi Oppo Indonesia,Tangerang Selatan,Rp3.540.000,7 terjual,5.0
VIVO Y27 5G 6/128 GARANSI RESMI NEW,Depok,Rp1.985.000,3 terjual,5.0
"TONER HP LASERJET 304A COLOUR (C,Y,M)",Jakarta Selatan,Rp1.490.000,17 terjual,5.0
HP Toner 49A Black hp,Jakarta Selatan,Rp1.472.000,1 terjual,5.0
"realme narzo 50i prime - Hijau, 4/64",Cirebon,Rp1.500.000,1 terjual,5.0
Realme C51 4/64 4/128 NFC - Garansi RESMI,Depok,Rp1.319.000,28 terjual,5.0
OPPO A17 8/64GB ( 4GB + 4GB EXTENSION RAM ) GARANSI RESMI,Bekasi,Rp2.099.000,9 terjual,5.0
"VIVO V29e 5G 8/256 RAM 8 ROM 256 GB 8GB 256GB Smartphone Garansi Resmi - Rose Gold, 8/256GB",Jakarta Utara,Rp3.785.000,1 terjual,5.0
HP VIVO V9 RAM 6GB ROM 64GB GARANSI VIVO - BLACK & GOLD - Hitam,Jakarta Timur,Rp3.849.000,3 terjual,5.0
REDMI 10 4/64GB 2022 EX DISPLAY / EX DEMO HP ONLY,Jakarta Utara,Rp1.099.000,30+ terjual,5.0
Vivo Y35 8/128 GB Garansi Resmi - Black,Jakarta Barat,Rp2.135.000,5 terjual,5.0
PAKETAN TONER HP 201A ORIGINAL,Jakarta Selatan,Rp3.000.000,1 terjual,5.0
OPPO RENO 8 8/256/HP OPPO SECOND MURAH,Kab. Sleman,Rp2.950.000,1 terjual,5.0
oppo a78 4g 8/256 gb garansi resmi,Bandung,Rp2.497.000,1 terjual,5.0
Vivo Y17s 6/128 + Y17s 4/64 + Y16 4/128. garansi resmi harga murah,Pekanbaru,Rp1.395.000,1 terjual,5.0
"Realme 10 4G 8/256GB Garansi Resmi - White, 8/128GB",Jakarta Barat,Rp2.652.000,14 terjual,5.0
"TONER HP LASERJET 304A COLOUR (C,Y,M)",Jakarta Selatan,Rp1.490.000,9 terjual,4.5
HP Toner 49A Black hp,Jakarta Selatan,Rp1.472.000,100+ terjual,5.0
Oppo Pad Air 4/64 Ram 4 Rom 64gb Garansi Resmi Oppo Indonesia,Tangerang Selatan,Rp3.540.000,7 terjual,5.0
VIVO Y27 5G 6/128 GARANSI RESMI NEW,Depok,Rp1.985.000,3 terjual,5.0
"Oppo A78 LTE (Ram 8GB, Rom 256GB, Snapdragon 680)",Malang,Rp3.599.000,1 terjual,5.0
REALME 11 8/256 REALME11 4G NFC 8/256 GARANSI RESMI INDONESIA,Bekasi,Rp3.299.000,20 terjual,4.9
"Oppo A18 (RAM 4, ROM 128, Refresh Rate 90Hz)",Malang,Rp1.499.000,4 terjual,5.0
Vivo Y27s NFC 8/256 GB 8/128 GB Garansi Resmi Y17 s Not Y22 Y27 Y36,Jakarta Pusat,Rp1.993.000,100+ terjual,4.9
Vivo Y36 5G 8/256GB NFC 44W Flashcharge Dimensity 6020 Garansi Resmi,Jakarta Utara,Rp2.918.000,60+ terjual,5.0
VIVO Y73S RAM 8GB ROM 256GB 5G SMARTPHONE GARANSI 1 TAHUN,Jakarta Barat,Rp1.250.000,80+ terjual,4.4
vivo v25e 8/256gb no minus mulus garansi resmi,Tangerang Selatan,Rp2.450.000,1 terjual,5.0
oppo a78 4g 8/256 gb garansi resmi,Bandung,Rp2.497.000,1 terjual,5.0
Vivo Y36 5G 8/256GB NFC 44W Flashcharge Dimensity 6020 Garansi Resmi,Jakarta Utara,Rp2.918.000,60+ terjual,5.0
ViVO V29e 5G 12/256GB 8/256GB NFC 100% Original  Garansi Resmi Terbaru,Jakarta Utara,Rp3.749.000,5 terjual,5.0
"TONER HP LASERJET 304A COLOUR (C,Y,M)",Jakarta Selatan,Rp1.490.000,1 terjual,5.0
HP Toner 49A Black hp,Jakarta Selatan,Rp1.472.000,4 terjual,5.0
Vivo Y27S 8/128GB [+8GB Extended RAM] NFC Garansi Resmi Vivo 1 Tahun,Malang,Rp2.051.500,7 terjual,4.8
ViVO V29e 5G 12/256GB 8/256GB NFC 100% Original  Garansi Resmi Terbaru,Jakarta Utara,Rp3.749.000,5 terjual,5.0
"Toner Catridge hp laserjet W9031MC,W9032MC,W9033MC Colour Original",Jakarta Selatan,Rp4.999.000,9 terjual,4.7
HP Toner 16A Black hp,Jakarta Selatan,Rp2.810.100,100+ terjual,5.0
"Oppo A78 LTE (Ram 8GB, Rom 256GB, Snapdragon 680)",Malang,Rp3.599.000,1 terjual,5.0
REALME 11 8/256 REALME11 4G NFC 8/256 GARANSI RESMI INDONESIA,Bekasi,Rp3.299.000,20 terjual,4.9
Realme C51 4/64GB 4/128GB - Garansi Resmi,Jakarta Barat,Rp1.440.400,5 terjual,3.7
"VIVO Y27s 8/128 8/256 GB RAM 8GB ROM 256GB 128GB - Black, 8/128GB",Jakarta Utara,Rp2.225.000,9 terjual,5.0
vivo v25e 8/256gb no minus mulus garansi resmi,Tangerang Selatan,Rp2.450.000,1 terjual,5.0
oppo a78 4g 8/256 gb garansi resmi,Bandung,Rp2.497.000,1 terjual,5.0
OPPO Reno8 5G 8GB/256GB Reno 8 4500mAh Flagship Sensor Garansi Resmi,Jakarta Pusat,Rp3.327.000,100+ terjual,4.9
HP VIVO Y72 RAM 12 ROM 256GB 5G Smartphone GARANSI 1TAHUN,Jakarta Barat,Rp1.300.000,7 terjual,5.0
"TONER HP LASERJET 304A COLOUR (C,Y,M)",Jakarta Selatan,Rp1.490.000,1 terjual,5.0
HP Toner 16A Black hp,Jakarta Selatan,Rp2.810.100,2 terjual,5.0
VIVO Y27 6/128 VIVO Y 27 6/128 GARANSI RESMI INDONESIA,Bekasi,Rp2.199.000,1 terjual,5.0
"VIVO Y27s 8/128 8/256 GB RAM 8GB ROM 256GB 128GB - Black, 8/128GB",Jakarta Utara,Rp2.225.000,5 terjual,3.7
REDMI NOTE 10 5G 4/128GB EX DISPLAY / EX DEMO HP ONLY,Jakarta Utara,Rp1.699.000,1 terjual,4.9
Oppo A78 5G 8/128 + A78 4G 8/256 Resmi. Ram Up16GB (8GB+8GB) NFC TWS,Pekanbaru,Rp3.399.000,2 terjual,4.5
"Toner Catridge hp laserjet W9031MC,W9032MC,W9033MC Colour Original",Jakarta Selatan,Rp4.999.000,2 terjual,5.0
HP Toner 16A Black hp,Jakarta Selatan,Rp2.810.100,6 terjual,5.0
VIVO Y73S RAM 8GB ROM 256GB 5G SMARTPHONE GARANSI 1 TAHUN,Jakarta Barat,Rp1.250.000,80+ terjual,4.4
Realme C53 6/128 GB RAM 6 ROM 128 6GB 128GB Garansi Resmi,Jakarta Utara,Rp1.793.000,70+ terjual,5.0
Vivo Y17S 4gb/128gb 6gb/128gb - 4GB/64GB,Medan,Rp1.345.000,7 terjual,5.0
Vivo Y16 4/32 Garansi Resmi,Kab. Bekasi,Rp1.179.000,1 terjual,5.0
Vivo Y27 6/128GB 6.64inci 44W FlashCharge 50MP Kamera Garansi Resmi,Jakarta Utara,Rp1.944.000,40+ terjual,5.0
Toner Catridge hp Laserjet W9190MC Black original,Jakarta Selatan,Rp1.550.000,27 terjual,5.0
OPPO Reno8 5G 8GB/256GB Reno 8 4500mAh Flagship Sensor Garansi Resmi,Jakarta Pusat,Rp3.327.000,100+ terjual,4.9
HP VIVO Y72 RAM 12 ROM 256GB 5G Smartphone GARANSI 1TAHUN,Jakarta Barat,Rp1.300.000,7 terjual,5.0
OPPO A58 8GB/128GB NFC Garansi Resmi,Jakarta Timur,Rp2.799.000,13 terjual,4.8
OPPO A78 NFC 8/256 OPPO A 78 NFC 8/256 GARANSI RESMI INDONESIA,Bekasi,Rp3.399.000,14 terjual,4.8
OPPO A58 6/128 8/128 RAM 6GB 8GB ROM 128GB 6 8 128 GB,Jakarta Utara,Rp2.165.000,2 terjual,5.0
OPPO A17 8/64GB ( 4GB + 4GB EXTENSION RAM ) GARANSI RESMI,Bekasi,Rp2.099.000,9 terjual,5.0
Vivo Y27S 8/128GB [+8GB Extended RAM] NFC Garansi Resmi Vivo 1 Tahun,Malang,Rp2.051.500,7 terjual,4.8
ViVO V29e 5G 12/256GB 8/256GB NFC 100% Original  Garansi Resmi Terbaru,Jakarta Utara,Rp3.749.000,5 terjual,5.0
Vivo Y27s 8/128 8/256 NFC 44W FlashCharge Snapdragon 680 Garansi Resmi,Jakarta Utara,Rp2.064.000,70+ terjual,5.0
Vivo V29 V29e V27e Baru 100% Original Garansi Resmi Segel Utuh,Jakarta Utara,Rp3.696.000,23 terjual,5.0
"Oppo A78 LTE (Ram 8GB, Rom 256GB, Snapdragon 680)",Malang,Rp3.599.000,1 terjual,5.0
REALME 11 8/256 REALME11 4G NFC 8/256 GARANSI RESMI INDONESIA,Bekasi,Rp3.299.000,20 terjual,4.9
Drum catridge hp laserjet 824A black original,Jakarta Selatan,Rp1.650.000,3 terjual,5.0
HP Toner 49A Black hp,Jakarta Selatan,Rp1.472.000,3 terjual,5.0
REDMI 10 4/64GB 2022 EX DISPLAY / EX DEMO HP ONLY,Jakarta Utara,Rp1.099.000,30+ terjual,5.0
T.E.R.E.A HP Android - Ruby Regular,Jakarta Utara,Rp1.325.000,1 terjual,5.0
"Oppo A18 (RAM 4, ROM 128, Refresh Rate 90Hz)",Malang,Rp1.499.000,4 terjual,5.0
Vivo Y27s NFC 8/256 GB 8/128 GB Garansi Resmi Y17 s Not Y22 Y27 Y36,Jakarta Pusat,Rp1.993.000,100+ terjual,4.9
OPPO A17 8/64GB ( 4GB + 4GB EXTENSION RAM ) GARANSI RESMI,Bekasi,Rp2.099.000,9 terjual,5.0
"VIVO V29e 5G 8/256 RAM 8 ROM 256 GB 8GB 256GB Smartphone Garansi Resmi - Rose Gold, 8/256GB",Jakarta Utara,Rp3.785.000,3 terjual,5.0
VIVO Y36 5G | NFC | RAM 8/256 GB GARANSI RESMI VIVO INDONESIA,Tangerang,Rp2.889.000,8 terjual,4.8
Vivo V29 V29e V27e Baru 100% Original Garansi Resmi Segel Utuh,Jakarta Utara,Rp3.696.000,23 terjual,5.0
